word,phase
initially,Before
incipience,Before
infancy,Before
instigator,Before
birth,Before
initial,Before
instigator,Before
beforehand,Before
obsolete,Before
preamble,Before
kickoff,Before
onset_phase,Before
precursory,Before
vacated,Before
presage,Before
inceptive,Before
inauguration,Before
prelude,Before
threshold,Before
preceding,Before
instructive,Before
emergence,Before
foretime,Before
activate,Before
arising,Before
before,Before
birth,Before
warning,Before
emergence,Before
initiation,Before
start_point,Before
discarded,Before
activate,Before
birth,Before
entry_point,Before
earliest_times,Before
originator,Before
initiative,Before
old,Before
retired,Before
old,Before
entry_point,Before
earliest_times,Before
opener,Before
intro,Before
initial,Before
founded,Before
beginning,Before
first,Before
catalyst,Before
portent,Before
yesteryear,Before
yesteryear,Before
opener,Before
in_the_past,Before
setoff,Before
infancy,Before
initiate,Before
old,Before
preceeding,Before
scaffold,Before
trailblazer,Before
precursor,Before
preliminary,Before
initially,Before
intro,Before
beginning,Before
inceptive,Before
vacated,Before
arising,Before
beginning,Before
prelude,Before
prologue,Before
foregoing,Before
inauguration,Before
past,Before
trailblazer,Before
old,Before
outdated,Before
herald,Before
upfront,Before
opening,Before
ancestral,Before
dawn,Before
first_step,Before
ante,Before
foreboding,Before
origin,Before
spearhead,Before
early_days,Before
presage,Before
ignite,Before
before_times,Before
forephase,Before
commencement,Before
initiate,Before
presage,Before
instructive,Before
presage,Before
introductory,Before
advance,Before
headway,Before
start,Before
kickoff,Before
inauguration,Before
foreword,Before
begin,Before
headstart,Before
prior_to,Before
dawn,Before
instructive,Before
already,Before
onset_phase,Before
once,Before
opening,Before
origin,Before
pathfinder,Before
trailblazer,Before
dawn,Before
upfront,Before
formerly,Before
aforetime,Before
introductory,Before
previously,Before
presage,Before
ancestral,Before
beforehand,Before
herald,Before
scaffold,Before
germinal,Before
flint,Before
dawn,Before
scaffold,Before
deceased,Before
set_in_motion,Before
set_in_motion,Before
intro,Before
prologue,Before
infancy,Before
nascent,Before
prelude_to,Before
incipience,Before
threshold,Before
before,Before
forerunner,Before
prelude,Before
beforehand,Before
forephase,Before
originator,Before
initial,Before
relinquished,Before
incipience,Before
relinquished,Before
momentum,Before
initially,Before
initial_phase,Before
flint,Before
startup,Before
pioneering,Before
momentum,Before
abandoned,Before
old,Before
commencement,Before
yesteryear,Before
outdated,Before
instigator,Before
early_days,Before
earlier,Before
foretime,Before
set_in_motion,Before
upfront,Before
run-up,Before
first_step,Before
alarm,Before
precursor,Before
startup,Before
archaic,Before
forerunner,Before
preparation,Before
onset,Before
first_step,Before
foreword,Before
incipience,Before
preamble,Before
preamble,Before
previously,Before
prelude_to,Before
entry_point,Before
prior,Before
beginning,Before
initial_phase,Before
set_in_motion,Before
ignite,Before
previously,Before
scaffold,Before
deceased,Before
announced,Before
incipient,Before
instigator,Before
early_days,Before
incipience,Before
foreword,Before
relinquished,Before
first_time,Before
precursor,Before
early_days,Before
earliest,Before
preceeding,Before
precursory,Before
opener,Before
launchpad,Before
set_out,Before
commencement,Before
previously,Before
foretime,Before
earliest,Before
instructive,Before
intro,Before
start,Before
proactive,Before
introductory,Before
start,Before
nascent,Before
founded,Before
scaffold,Before
preexistence,Before
spearhead,Before
prelude_to,Before
pioneering,Before
spark,Before
formerly,Before
founded,Before
spark,Before
in_advance,Before
beginning,Before
departed,Before
predating,Before
preceding,Before
pathfinder,Before
prologue,Before
original,Before
forerunner,Before
scaffold,Before
previous,Before
intro,Before
past,Before
incipience,Before
departed,Before
departed,Before
launchpad,Before
foreword,Before
start_point,Before
commencement,Before
time_before,Before
already,Before
beginning,Before
launchpad,Before
preceding,Before
initially,Before
preceeding,Before
founded,Before
precursory,Before
set_in_motion,Before
preexistence,Before
prelude_to,Before
bygone,Before
catalyst,Before
announced,Before
opener,Before
beginning,Before
start_point,Before
original,Before
already,Before
proactive,Before
leading_up,Before
origin,Before
erstwhile,Before
in_advance,Before
dawn,Before
previous,Before
introduction,Before
deceased,Before
origin,Before
vacated,Before
initial_phase,Before
previous,Before
in_the_past,Before
erstwhile,Before
initiation,Before
trigger,Before
foreboding,Before
foreword,Before
origin,Before
prior,Before
catalyst,Before
set_in_motion,Before
prelude,Before
founded,Before
founded,Before
erstwhile,Before
prior_to,Before
yesteryear,Before
forerunner,Before
ahead_of,Before
preexistent,Before
vacated,Before
flint,Before
groundwork,Before
catalyst,Before
time_before,Before
sooner,Before
preceding,Before
headway,Before
archaic,Before
inauguration,Before
entry_point,Before
upfront,Before
set_out,Before
sooner,Before
launchpad,Before
signal,Before
lead-up,Before
previous,Before
kickoff,Before
headstart,Before
begin,Before
initiation,Before
earlier,Before
preexistence,Before
portent,Before
preliminary,Before
set_in_motion,Before
instigator,Before
beginning,Before
proactive,Before
preliminary,Before
start_point,Before
prelude_to,Before
takeoff,Before
emergence,Before
springboard,Before
kickoff,Before
set_out,Before
preface,Before
embarked,Before
originating,Before
before_times,Before
instructive,Before
obsolete,Before
incipient,Before
forerunner,Before
preceeding,Before
precursor,Before
headstart,Before
infancy,Before
past,Before
warming_up,Before
foretime,Before
spark,Before
setoff,Before
opener,Before
inchoate,Before
set_in_motion,Before
set_in_motion,Before
departed,Before
initiate,Before
discarded,Before
initial,Before
formerly,Before
alarm,Before
embarked,Before
bygone,Before
vacated,Before
embryonic,Before
threshold,Before
introduction,Before
origin,Before
pioneering,Before
primordial,Before
foretime,Before
informer,Before
setoff,Before
lead-up,Before
birth,Before
signal,Before
relinquished,Before
initiate,Before
forephase,Before
prior,Before
initially,Before
origin,Before
foreword,Before
embryonic,Before
launchpad,Before
originator,Before
initially,Before
old,Before
forerunner,Before
erstwhile,Before
foreboding,Before
predating,Before
start_point,Before
precursor,Before
announced,Before
threshold,Before
advance,Before
begin,Before
alarm,Before
first,Before
primordial,Before
antecedent,Before
embarked,Before
flint,Before
forerunner,Before
presage,Before
entry_point,Before
aforetime,Before
upfront,Before
threshold,Before
earliest_times,Before
beforehand,Before
informer,Before
opening,Before
departed,Before
initiate,Before
introduction,Before
antecedent,Before
prior_to,Before
originator,Before
threshold,Before
initiative,Before
informer,Before
presage,Before
catalyst,Before
infant_stage,Before
primordial,Before
opening,Before
initiate,Before
intro,Before
yesteryear,Before
deceased,Before
portent,Before
preamble,Before
start_point,Before
preamble,Before
proactive,Before
inauguration,Before
upfront,Before
before_times,Before
past,Before
set_in_motion,Before
earliest,Before
previously,Before
bygone,Before
time_before,Before
departed,Before
foregoing,Before
dawn,Before
lead-up,Before
takeoff,Before
advance,Before
original,Before
preceding,Before
inceptive,Before
run-up,Before
portent,Before
preliminary,Before
in_advance,Before
herald,Before
preceding,Before
before,Before
embarked,Before
launchpad,Before
erstwhile,Before
time_before,Before
beforehand,Before
preceeding,Before
originator,Before
forerunner,Before
instructive,Before
infant_stage,Before
prelude,Before
prologue,Before
germinal,Before
preface,Before
infant_stage,Before
intro,Before
ancestral,Before
precursor,Before
trigger,Before
old,Before
vacated,Before
prior_to,Before
discarded,Before
announced,Before
opener,Before
originator,Before
proactive,Before
momentum,Before
initiation,Before
prelude,Before
start,Before
preparation,Before
archaic,Before
antecedent,Before
introductory,Before
original,Before
set_out,Before
archaic,Before
inauguration,Before
spearhead,Before
nascent,Before
preliminary,Before
setoff,Before
preceeding,Before
founded,Before
start_point,Before
pioneering,Before
originating,Before
instructive,Before
old,Before
initiative,Before
previous,Before
preexistent,Before
incipient,Before
originating,Before
ante,Before
precursor,Before
initial,Before
previously,Before
announced,Before
ante,Before
old,Before
preface,Before
initial,Before
preceding,Before
in_advance,Before
relinquished,Before
in_advance,Before
preliminary,Before
birth,Before
groundwork,Before
preceding,Before
embryonic,Before
preface,Before
foreword,Before
preceeding,Before
infant_stage,Before
portent,Before
originating,Before
set_in_motion,Before
initiation,Before
pioneering,Before
foretime,Before
introductory,Before
first_time,Before
incipient,Before
beforehand,Before
pathfinder,Before
warming_up,Before
foreword,Before
preface,Before
infancy,Before
in_the_past,Before
trailblazer,Before
preface,Before
embarked,Before
trigger,Before
beginning,Before
prior,Before
prequel,Before
germinal,Before
takeoff,Before
vacated,Before
forerunner,Before
inchoate,Before
set_out,Before
takeoff,Before
portent,Before
in_the_past,Before
momentum,Before
signal,Before
activate,Before
inauguration,Before
presage,Before
nascent,Before
prelude_to,Before
flint,Before
prior_to,Before
arising,Before
forephase,Before
incipience,Before
infant_stage,Before
initiative,Before
preexistence,Before
abandoned,Before
yesteryear,Before
originating,Before
preface,Before
opening,Before
forephase,Before
initiative,Before
precursor,Before
vacated,Before
yesteryear,Before
onset,Before
old,Before
trailblazer,Before
departed,Before
run-up,Before
advance,Before
earlier,Before
prior_to,Before
foreword,Before
precursory,Before
momentum,Before
original,Before
prelude_to,Before
preamble,Before
initially,Before
preceeding,Before
first_time,Before
proactive,Before
time_before,Before
initially,Before
set_in_motion,Before
warning,Before
incipience,Before
threshold,Before
ancestral,Before
yesteryear,Before
birth,Before
birth,Before
preliminary,Before
opener,Before
pioneering,Before
intro,Before
retired,Before
portent,Before
incipience,Before
instigator,Before
preface,Before
previous,Before
instructive,Before
prior_to,Before
trigger,Before
nascent,Before
headstart,Before
initiate,Before
beginning,Before
pioneering,Before
time_before,Before
dawn,Before
abandoned,Before
kickoff,Before
herald,Before
outdated,Before
abandoned,Before
nascent,Before
first,Before
setoff,Before
originator,Before
before,Before
portent,Before
start_point,Before
precursory,Before
preparation,Before
yesteryear,Before
prelude_to,Before
onset_phase,Before
emergence,Before
erstwhile,Before
portent,Before
ancestral,Before
ante,Before
preceeding,Before
initially,Before
prologue,Before
startup,Before
ignite,Before
springboard,Before
instructive,Before
catalyst,Before
trigger,Before
initial_phase,Before
embarked,Before
preface,Before
start,Before
onset,Before
proactive,Before
preface,Before
in_advance,Before
trailblazer,Before
portent,Before
origin,Before
spearhead,Before
deceased,Before
preceeding,Before
forerunner,Before
incipient,Before
foreword,Before
bygone,Before
outdated,Before
prologue,Before
begin,Before
instructive,Before
prior,Before
once,Before
informer,Before
past,Before
initial_phase,Before
warning,Before
trigger,Before
deceased,Before
past,Before
obsolete,Before
dawn,Before
headstart,Before
inceptive,Before
trigger,Before
embarked,Before
pathfinder,Before
nascent,Before
earliest_times,Before
prelude_to,Before
germinal,Before
already,Before
leading_up,Before
formerly,Before
infancy,Before
kickoff,Before
headway,Before
pioneering,Before
time_before,Before
formerly,Before
prior,Before
preparation,Before
ahead_of,Before
threshold,Before
before_times,Before
begin,Before
prior_to,Before
startup,Before
foreboding,Before
pioneering,Before
herald,Before
original,Before
introductory,Before
first,Before
herald,Before
inchoate,Before
original,Before
time_before,Before
ancestral,Before
ancestral,Before
ignite,Before
aforetime,Before
initial_phase,Before
herald,Before
spearhead,Before
time_before,Before
embarked,Before
alarm,Before
prior,Before
groundwork,Before
inauguration,Before
momentum,Before
preamble,Before
preceeding,Before
advance,Before
formerly,Before
already,Before
arising,Before
emergence,Before
in_the_past,Before
birth,Before
ancestral,Before
presage,Before
prequel,Before
spearhead,Before
preface,Before
previous,Before
portent,Before
commencement,Before
setoff,Before
yesteryear,Before
beforehand,Before
antecedent,Before
introductory,Before
discarded,Before
preceding,Before
alarm,Before
pathfinder,Before
previously,Before
entry_point,Before
launchpad,Before
emergence,Before
beginning,Before
prior_to,Before
inauguration,Before
ignite,Before
original,Before
departed,Before
embryonic,Before
instructive,Before
warning,Before
initiation,Before
introductory,Before
preceding,Before
antecedent,Before
incipient,Before
vacated,Before
time_before,Before
discarded,Before
spark,Before
inauguration,Before
beforehand,Before
germinal,Before
opener,Before
before,Before
time_before,Before
incipience,Before
abandoned,Before
preface,Before
prior,Before
first,Before
preparation,Before
preamble,Before
startup,Before
nascent,Before
early_days,Before
ahead_of,Before
preparation,Before
preliminary,Before
start_point,Before
instructive,Before
upfront,Before
retired,Before
springboard,Before
set_out,Before
early_days,Before
incipience,Before
obsolete,Before
preamble,Before
alarm,Before
commencement,Before
upfront,Before
obsolete,Before
prelude,Before
herald,Before
earliest,Before
abandoned,Before
originator,Before
ante,Before
preface,Before
alarm,Before
primordial,Before
formerly,Before
set_in_motion,Before
takeoff,Before
deceased,Before
arising,Before
prequel,Before
ante,Before
foreword,Before
early_days,Before
aforetime,Before
first_time,Before
retired,Before
nascent,Before
takeoff,Before
first_time,Before
forerunner,Before
introductory,Before
lead-up,Before
first_time,Before
begin,Before
obsolete,Before
prequel,Before
predating,Before
ignite,Before
formerly,Before
beginning,Before
archaic,Before
deceased,Before
primordial,Before
alarm,Before
forephase,Before
in_advance,Before
relinquished,Before
activate,Before
herald,Before
introduction,Before
initiate,Before
pathfinder,Before
warming_up,Before
flint,Before
previous,Before
original,Before
previously,Before
startup,Before
commencement,Before
threshold,Before
primordial,Before
obsolete,Before
headstart,Before
once,Before
introduction,Before
ahead_of,Before
embarked,Before
time_before,Before
foreword,Before
opening,Before
sooner,Before
start,Before
preamble,Before
initial,Before
initial,Before
headway,Before
advance,Before
preceeding,Before
opening,Before
introduction,Before
introductory,Before
momentum,Before
trigger,Before
time_before,Before
sooner,Before
embryonic,Before
preparation,Before
signal,Before
foreword,Before
announced,Before
emergence,Before
precursory,Before
already,Before
spearhead,Before
pioneering,Before
warning,Before
in_advance,Before
foretime,Before
dawn,Before
dawn,Before
herald,Before
springboard,Before
begin,Before
startup,Before
yesteryear,Before
prior_to,Before
introductory,Before
begin,Before
in_the_past,Before
opening,Before
outdated,Before
initiative,Before
first_step,Before
launchpad,Before
formerly,Before
obsolete,Before
embarked,Before
discarded,Before
before_times,Before
embarked,Before
alarm,Before
previous,Before
onset,Before
sooner,Before
catalyst,Before
forephase,Before
inauguration,Before
announced,Before
preexistent,Before
opening,Before
initial,Before
preparation,Before
precursor,Before
start,Before
originating,Before
outdated,Before
in_the_past,Before
in_advance,Before
infancy,Before
groundwork,Before
onset,Before
abandoned,Before
previously,Before
infant_stage,Before
warming_up,Before
origin,Before
in_the_past,Before
emergence,Before
bygone,Before
founded,Before
in_advance,Before
forerunner,Before
startup,Before
precursor,Before
initiate,Before
obsolete,Before
scaffold,Before
live_session,During
performing,During
moment,During
midway,During
conduction,During
working,During
happening_now,During
staging,During
tenure,During
in-course,During
pending,During
interval,During
being_done,During
transitioning,During
flowing,During
simulcast,During
execution,During
amid,During
progressing,During
carrying_out,During
actuality,During
covering,During
instantly,During
operation_time,During
just_now,During
conduction,During
as,During
coinciding,During
actuality,During
rolling,During
circumstance,During
timely,During
performing,During
happening_now,During
intervening,During
commanding,During
just_in,During
just_now,During
taking_effect,During
inside_time,During
middle_of,During
daytime,During
throughout,During
ongoing,During
amidst,During
evolving_phase,During
live_session,During
performing,During
current_event,During
instantaneous,During
present_time,During
passage,During
transitioning,During
real_time,During
temporal,During
execution,During
circumstance,During
interstitial,During
at_the_same_time,During
in_between_time,During
performing,During
passage,During
pending,During
ongoing_task,During
in_between_time,During
simulcast,During
ongoing_process,During
actuality,During
transpiring,During
middle_of,During
incident,During
advance_in_progress,During
in_between,During
throughout,During
happens_to_be,During
in_motion,During
live_session,During
throughout,During
daytime,During
intervening,During
interstitial,During
going_on,During
middle_of,During
taking_place,During
ongoing_task,During
operational,During
midst,During
functioning,During
segment,During
continuing,During
operation_time,During
intervening,During
interval,During
ongoing_moment,During
coinciding,During
ongoing_phase,During
midst,During
ongoing_task,During
midway,During
engagement,During
flowing,During
acting_out,During
incident,During
happening_now,During
operation_time,During
in_motion,During
happening,During
intervening,During
current_event,During
performing,During
underway,During
live_phase,During
in-course,During
simulcast,During
happening,During
live_phase,During
ongoing_task,During
while,During
subsequent_to_start,During
in-course,During
in_real_time,During
moment,During
instantly,During
interim,During
intervening,During
pending,During
concurrent,During
intermission,During
unfolding,During
amid,During
evolving_phase,During
taking_effect,During
processing,During
occupying,During
advance_in_progress,During
instantaneous,During
acting_out,During
actuality,During
operating,During
happening,During
elapsed,During
subsequent_to_start,During
elapsed,During
realizing,During
performing,During
mid-phase,During
execution_phase,During
operation_time,During
in_the_now,During
timely,During
in_frame,During
realizing,During
in_between_time,During
ongoing_phase,During
happening,During
co-occurring,During
going_on,During
passage,During
duration,During
working_on,During
relevant_time,During
ongoing_phase,During
flowing,During
current,During
at_the_same_time,During
in_between_time,During
active,During
segment,During
tenure,During
throughout,During
maintained,During
in_frame,During
ongoing_task,During
ongoing_process,During
covering,During
instantly,During
moment,During
right_now,During
timely,During
rolling,During
in_parallel,During
interstitial,During
simultaneously,During
middle_of,During
as,During
middle_time,During
concurrently,During
evolving_phase,During
duration,During
live_session,During
present_time,During
simultaneously,During
mid-phase,During
in_parallel,During
carrying_out,During
just_in,During
mid-phase,During
unfolding,During
unfolding,During
happens_to_be,During
operational,During
right_now,During
interim,During
realizing,During
just_now,During
concurrently,During
taking_effect,During
middle_of,During
temporal_flow,During
in_between,During
subsequent_to_start,During
acting,During
temporal,During
mid-action,During
temporal_flow,During
throughout,During
still_happening,During
carrying_out,During
interim,During
commanding,During
occupying,During
span,During
inside_time,During
live_session,During
mid-action,During
operating,During
circumstance,During
pending,During
in-course,During
happening,During
interim,During
dynamically,During
ongoing_task,During
transpiring,During
operating,During
simulcast,During
execution,During
in_frame,During
progressing,During
continuing,During
working,During
live_phase,During
middle_of,During
current_event,During
daytime,During
in_the_zone,During
in-course,During
engaged,During
while,During
nonstop,During
in_real_time,During
interval,During
nonstop,During
pending,During
momentary,During
at_the_same_time,During
evolving,During
ongoing_phase,During
rolling_phase,During
amid,During
execution,During
amidst,During
passage,During
working_on,During
real_time,During
performing,During
co-occurring,During
transpiring,During
still_happening,During
in_real_time,During
in_parallel,During
timely,During
during,During
interval,During
concurrent,During
actuality,During
coinciding,During
execution,During
in_the_zone,During
committed,During
middle_of,During
midst,During
at_the_same_time,During
active,During
progressing,During
transpiring,During
in_between_time,During
throughout,During
co-occurring,During
continuously,During
flowing,During
just_in,During
commanding,During
continuously,During
right_now,During
happening_now,During
execution,During
processing,During
intermission,During
interim,During
coinciding,During
during,During
conduction,During
course_of,During
middle_time,During
circumstance,During
continuing,During
just_now,During
period,During
midst,During
ongoing_phase,During
real_time,During
meantime,During
segment,During
acting,During
engaged,During
staging,During
advance_in_progress,During
treading,During
during,During
segment,During
evolving_phase,During
temporal,During
in_motion,During
in_the_now,During
continuing,During
maintained,During
proceeding,During
midst,During
current_event,During
temporal,During
happens_to_be,During
moment,During
continuously,During
engaged,During
interim,During
operation_time,During
meantime,During
acting_out,During
duration,During
actuality,During
in_the_midst_of,During
continuum,During
current_event,During
working,During
meantime,During
circumstance,During
actuality,During
ongoing_task,During
actuality,During
real_time,During
subsequent_to_start,During
in_the_midst_of,During
unfolding,During
segment,During
operation_time,During
transitional,During
flowing,During
flowing,During
amid,During
live_phase,During
transitioning,During
happens_to_be,During
real_time,During
co-occurring,During
in_between_time,During
functioning,During
simultaneously,During
implementation,During
passage,During
going_on,During
conduction,During
evolving,During
happening,During
in-course,During
staging,During
in_parallel,During
concurrently,During
flowing,During
rolling,During
interim,During
mid-action,During
segment,During
operational,During
happening_now,During
while,During
simultaneously,During
functioning,During
ongoing_task,During
evolving,During
while,During
operating,During
passage,During
current_event,During
processing,During
span,During
daytime,During
simulcast,During
midst,During
co-occurring,During
commanding,During
continuum,During
in_parallel,During
instantly,During
duration,During
evolving_phase,During
in_performance,During
acting_out,During
in-action,During
simulcast,During
occupying,During
evolving_phase,During
meantime,During
flowing,During
performing,During
intermission,During
instantly,During
pending,During
live,During
while,During
treading,During
meantime,During
performing,During
elapsed,During
ongoing,During
timely,During
continuing,During
meantime,During
being_done,During
span,During
segment,During
going_on,During
momentary,During
commanding,During
engaged,During
covering,During
happening_now,During
transitional,During
ongoing_task,During
evolving_phase,During
segment,During
rolling_phase,During
amidst,During
mid-action,During
amid,During
just_now,During
continuing,During
staging,During
underway,During
implementation,During
running,During
underway,During
live_action,During
just_in,During
temporal_flow,During
staging,During
temporal,During
in_motion,During
interstitial,During
interval,During
interval,During
passage,During
working_on,During
simulcast,During
coinciding,During
ongoing_task,During
occupying,During
expanding,During
momentary,During
relevant_time,During
expanding,During
acting_out,During
present_time,During
midway,During
active,During
inside_time,During
during,During
maintained,During
circumstance,During
taking_place,During
as,During
real_time,During
occupying,During
underway,During
while,During
midway,During
working_on,During
present,During
interim,During
rolling,During
middle_time,During
happening_now,During
continuing,During
rolling_phase,During
at_the_same_time,During
meantime,During
intervening,During
temporal,During
working,During
maintained,During
taking_effect,During
current_event,During
tenure,During
co-occurring,During
in-course,During
continuum,During
now,During
moment,During
continuum,During
simultaneously,During
taking_place,During
evolving,During
in_between_time,During
live_action,During
pending,During
flowing,During
in_place,During
expanding,During
temporal,During
co-occurring,During
in-course,During
live_action,During
in_real_time,During
coinciding,During
incident,During
at_the_same_time,During
while,During
in_progress,During
as,During
now,During
interval,During
interim,During
happening,During
conduction,During
midst,During
subsequent_to_start,During
happening,During
in_performance,During
just_in,During
midst,During
operational,During
course_of,During
elapsed,During
in_the_zone,During
covering,During
working_on,During
transitioning,During
in-action,During
staging,During
course_of,During
execution_phase,During
conduction,During
unfolding,During
instantaneous,During
still_happening,During
temporal_flow,During
still_happening,During
middle,During
proceeding,During
intermission,During
in_between_time,During
progressing,During
still_happening,During
at_the_same_time,During
current_event,During
operation_time,During
processing,During
segment,During
taking_place,During
continuing,During
interstitial,During
committed,During
present_time,During
mid-phase,During
present,During
relevant_time,During
realizing,During
dynamically,During
underway,During
timely,During
continuously,During
engaged,During
elapsed,During
coinciding,During
right_now,During
middle_time,During
evolving_phase,During
real_time,During
dynamically,During
being_done,During
moment,During
in_progress,During
moment,During
acting_out,During
processing,During
unfolding,During
moment,During
midst,During
commanding,During
evolving_phase,During
circumstance,During
current_event,During
in-course,During
maintained,During
going_on,During
real_time,During
operating,During
tenure,During
acting_out,During
ongoing_phase,During
inside_time,During
coinciding,During
instantaneous,During
implementation,During
implementation,During
now,During
still_happening,During
just_now,During
simulcast,During
taking_place,During
temporal,During
conduction,During
live,During
subsequent_to_start,During
tenure,During
live_action,During
momentary,During
in_real_time,During
conduction,During
in_the_midst_of,During
conduction,During
segment,During
rolling,During
right_now,During
in-action,During
working,During
middle,During
happening,During
rolling_phase,During
just_now,During
working,During
simultaneously,During
period,During
underway,During
operation_time,During
ongoing_process,During
in_performance,During
tenure,During
span,During
ongoing_process,During
relevant_time,During
in_place,During
middle,During
carrying_out,During
duration,During
momentary,During
rolling,During
committed,During
right_now,During
concurrent,During
segment,During
conduction,During
active,During
progressing,During
in_motion,During
co-occurring,During
middle_of,During
live_action,During
occupying,During
being_done,During
nonstop,During
mid-action,During
amidst,During
in_motion,During
operation_time,During
in_the_zone,During
in_performance,During
operation_time,During
in_the_now,During
execution_phase,During
present,During
active,During
in_place,During
continuum,During
momentary,During
maintained,During
transitioning,During
being_done,During
active,During
ongoing_phase,During
present,During
transitioning,During
span,During
conduction,During
operating,During
in-action,During
elapsed,During
live_session,During
transpiring,During
maintained,During
in-action,During
in_the_now,During
incident,During
segment,During
performing,During
ongoing,During
present_time,During
realizing,During
live,During
operational,During
carrying_out,During
implementation,During
passage,During
duration,During
in_parallel,During
running,During
instantaneous,During
daytime,During
tenure,During
during,During
intermission,During
relevant_time,During
temporal,During
simulcast,During
inside_time,During
interim,During
throughout,During
duration,During
in_between,During
in_the_midst_of,During
tenure,During
flowing,During
rolling,During
in_real_time,During
acting_out,During
commanding,During
working_on,During
live_phase,During
in_real_time,During
going_on,During
just_in,During
dynamically,During
in_place,During
unfolding,During
rolling_phase,During
implementation,During
actuality,During
present_time,During
present_time,During
conduction,During
simultaneously,During
in_motion,During
execution_phase,During
functioning,During
in_progress,During
just_in,During
amid,During
dynamically,During
in_place,During
temporal,During
acting,During
execution,During
in_place,During
in_frame,During
processing,During
operating,During
concurrent,During
duration,During
covering,During
period,During
concurrently,During
realizing,During
continuum,During
staging,During
acting_out,During
acting_out,During
pending,During
still_happening,During
in_the_now,During
instantly,During
passage,During
implemented,During
passage,During
elapsed,During
transitioning,During
underway,During
mid-phase,During
going_on,During
moment,During
engaged,During
intervening,During
period,During
middle_time,During
in_real_time,During
running,During
in_the_zone,During
intervening,During
continuing,During
concurrently,During
in_performance,During
in_between_time,During
in_frame,During
in_between_time,During
tenure,During
period,During
occupying,During
just_now,During
functioning,During
instantaneous,During
intervening,During
conduction,During
tenure,During
interstitial,During
relevant_time,During
momentary,During
taking_effect,During
just_now,During
daytime,During
at_the_same_time,During
interim,During
interim,During
in_the_now,During
segment,During
interstitial,During
live_session,During
midst,During
rolling,During
period,During
timely,During
present_time,During
proceeding,During
in_real_time,During
actuality,During
actuality,During
execution,During
middle_time,During
ongoing,During
advance_in_progress,During
period,During
functioning,During
in_progress,During
meantime,During
interstitial,During
in_between,During
as,During
maintained,During
performing,During
temporal,During
incident,During
occupying,During
continuum,During
rolling,During
dynamically,During
coinciding,During
mid-phase,During
instantly,During
throughout,During
timely,During
ongoing_process,During
interim,During
ongoing,During
in_the_midst_of,During
in_progress,During
ongoing,During
in_the_now,During
operating,During
maintained,During
happening_now,During
duration,During
temporal,During
meantime,During
in_between,During
course_of,During
going_on,During
middle,During
live_action,During
treading,During
at_the_same_time,During
real_time,During
acting,During
while,During
co-occurring,During
amidst,During
middle,During
course_of,During
subsequent_to_start,During
inside_time,During
daytime,During
in_between,During
while,During
unfolding,During
temporal,During
during,During
just_now,During
transpiring,During
in_parallel,During
continuum,During
engagement,During
processing,During
present_time,During
flowing,During
taking_effect,During
advance_in_progress,During
happening,During
going_on,During
engagement,During
acting,During
live_action,During
incident,During
course_of,During
taking_effect,During
mid-action,During
realizing,During
ongoing_phase,During
commanding,During
acting_out,During
middle_of,During
staging,During
still_happening,During
realizing,During
present_time,During
ongoing_moment,During
unfolding,During
middle_of,During
in_the_midst_of,During
present,During
rolling_phase,During
operating,During
happening_now,During
in_the_midst_of,During
midst,During
in_the_now,During
execution_phase,During
implemented,During
moment,During
amid,During
coinciding,During
being_done,During
intermission,During
proceeding,During
execution,During
ongoing_phase,During
current,During
committed,During
as,During
happening_now,During
engagement,During
meantime,During
timely,During
interstitial,During
engaged,During
span,During
in_progress,During
momentary,During
intervening,During
concurrently,During
coinciding,During
expanding,During
ongoing_task,During
intermission,During
transpiring,During
processing,During
in_progress,During
span,During
just_in,During
live_action,During
momentary,During
while,During
instantaneous,During
ongoing_task,During
happening_now,During
continuing,During
rolling_phase,During
course_of,During
maintained,During
advance_in_progress,During
interstitial,During
nonstop,During
temporal,During
segment,During
being_done,During
inside_time,During
evolving,During
just_in,During
carrying_out,During
in_progress,During
intervening,During
transitioning,During
in_place,During
instantaneous,During
interstitial,During
conduction,During
in_performance,During
middle_time,During
transitioning,During
unfolding,During
midst,During
nonstop,During
passage,During
flowing,During
culmination,After
ongoing_impact,After
spillover,After
consequent,After
sunset,After
log,After
moving_forward,After
ensuing,After
proceeding,After
concluding,After
residual,After
retire,After
residual,After
future_state,After
record,After
eventually,After
postscript,After
finalized,After
subsequently,After
new_start,After
succeeding,After
future,After
windup,After
consequent,After
consequent,After
recovery,After
retire,After
complete,After
retrospect,After
achievement,After
hindsight,After
realized,After
finalized,After
proceeding,After
henceforth,After
eventually,After
conclusion,After
spillover,After
renewed,After
fate,After
sequel,After
finalized,After
learning,After
postscript,After
moving_forward,After
ultimately,After
conclusion,After
outlook,After
ultimately,After
stepping_up,After
legacy_phase,After
delivered,After
post,After
established,After
sunset,After
spillover,After
evaluation,After
outcome,After
finished_up,After
renewed,After
log,After
retrospect,After
prognosis,After
delivered,After
ongoing_impact,After
denouement,After
next,After
culmination,After
wrap_up,After
retrospective,After
stabilized,After
rear,After
achieved,After
rear,After
follow_on,After
posterior,After
direction,After
as_a_result,After
eventually,After
end_phase,After
final_phase,After
end_phase,After
summary,After
trace,After
wrap_up_event,After
set_path,After
new_phase,After
carryover,After
progressed,After
henceforth,After
subsequently,After
future_state,After
epilogue,After
spillover,After
post_reflection,After
backstory,After
outcome,After
gained,After
afters,After
resulting,After
henceforth,After
refined,After
output,After
coda,After
recovery,After
henceforth,After
repercussion,After
reformed,After
established,After
henceforth,After
enclosure,After
learning,After
effect,After
afters,After
renewed,After
achieved,After
thereafter,After
exit,After
end_phase,After
final_phase,After
finale,After
close,After
report,After
repercussion,After
following,After
transformed,After
output,After
report,After
wrap,After
recounted,After
retrospect,After
gained,After
delivered,After
archive,After
culmination,After
report,After
tail_end,After
chronicle,After
post,After
memory,After
in_the_end,After
repercussion,After
epilogue,After
chronicle,After
final_act,After
carryover,After
follow_through,After
windup,After
concluding,After
solidified,After
resulting,After
concluding,After
achieved,After
lookback,After
built,After
future_state,After
eventually,After
enclosure,After
backstory,After
carryover,After
residue,After
spillover,After
eventually,After
therefrom,After
residual,After
postscript,After
assessment,After
direction,After
learning,After
expiry,After
tail_end,After
after,After
in_the_end,After
rear,After
stepping_up,After
ongoing_impact,After
delivered,After
resolved,After
solidified,After
consequent,After
follow_through,After
recounted,After
record,After
achievement,After
residual,After
output,After
wrap,After
achievement,After
resolution,After
backstory,After
fate,After
culmination,After
effect,After
subsequently,After
renewed,After
improved,After
built,After
lookback,After
tail_end,After
finished_up,After
outcome,After
realized,After
assessment,After
consequently,After
insight,After
carryover,After
ensuing,After
spillover,After
residue,After
consequently,After
after,After
proceeding,After
eventually,After
follow_through,After
gained,After
progressed,After
residue,After
concluding,After
residual,After
reformed,After
exit,After
trace,After
after,After
consequences,After
summary,After
retire,After
direction,After
record,After
report,After
report,After
hindsight,After
established,After
ensuing,After
final_act,After
record,After
finally,After
achieved,After
reformed,After
summary,After
concluding,After
ending,After
retrospect,After
finale,After
delivered,After
wrap_up,After
epilogue,After
trace,After
residual,After
succeeding,After
report,After
memory,After
new_phase,After
stepping_up,After
backstory,After
recovery,After
moving_forward,After
resolution,After
succeeding,After
windup,After
carryover,After
wrap_up,After
hindsight,After
rear,After
summary,After
thereafter,After
established,After
enclosure,After
legacy_phase,After
consequently,After
rear,After
follow_through,After
sequel,After
henceforth,After
future_state,After
prognosis,After
improved,After
later,After
consequent,After
carryover,After
backstory,After
finalized,After
stepping_up,After
expiry,After
in_the_end,After
insight,After
legacy,After
tail_end,After
refined,After
insight,After
outlook,After
ensue,After
end_phase,After
close,After
transformed,After
improved,After
fulfillment,After
archive,After
fate,After
finale,After
carryover,After
finally,After
next,After
conclusion,After
consequent,After
chronicle,After
concluding,After
posterior,After
expiry,After
succeeding,After
next,After
established,After
future,After
record,After
reflection,After
hindsight,After
afterward,After
prognosis,After
post_phase,After
memory,After
outcome,After
enclosure,After
final_act,After
solidified,After
improved,After
resolution,After
post_phase,After
post_phase,After
achievement,After
fulfillment,After
legacy,After
wrap,After
fulfillment,After
reformed,After
consequent,After
therefrom,After
refined,After
decision,After
transformed,After
lookback,After
consequently,After
ensue,After
therefrom,After
report,After
fate,After
log,After
resulting,After
recounted,After
decision,After
wrap_up,After
afters,After
consequently,After
consequently,After
aftermath,After
impact,After
ongoing_impact,After
ultimately,After
afters,After
aftermath,After
log,After
culmination,After
reflection,After
close,After
post_event_analysis,After
in_the_end,After
solidified,After
conclusion,After
henceforth,After
moving_on,After
concluded,After
wrap_up,After
ensuing,After
finished_up,After
resolution,After
moving_on,After
resulting,After
attained,After
conclusion_phase,After
as_a_result,After
new_start,After
assessment,After
renewed,After
final_act,After
effect,After
post_phase,After
recovery,After
ensue,After
consequences,After
impact,After
fate,After
direction,After
ripples,After
ending,After
ongoing_impact,After
repercussion,After
epilogue,After
insight,After
culmination,After
outlook,After
follow_through,After
eventually,After
realized,After
completing,After
direction,After
stepping_up,After
ripples,After
concluded,After
reformed,After
stabilized,After
residual,After
close,After
effect,After
wrap_up_event,After
direction,After
realized,After
decision,After
realized,After
finished,After
wrap_up_event,After
trace,After
finished,After
consequent,After
ensue,After
wrap_up_event,After
backstory,After
refined,After
achievement,After
outcome,After
ultimatum,After
new_start,After
outcome,After
lookback,After
concluding,After
completing,After
resolution,After
consequent,After
finalized,After
conclusion,After
ultimatum,After
ensue,After
sequel,After
denouement,After
residue,After
ending,After
memory,After
moving_on,After
finished_up,After
henceforth,After
output,After
finished,After
trace,After
post_event,After
eventually,After
remainder,After
output,After
final_act,After
spillover,After
evaluation,After
wrap_up,After
completing,After
following,After
residual,After
consequences,After
evaluation,After
moving_on,After
decision,After
finished,After
retrospective,After
close,After
as_a_result,After
sequel,After
report,After
remainder,After
resulting,After
finished,After
outlook,After
ongoing_impact,After
ripples,After
finally,After
carryover,After
ongoing_impact,After
remainder,After
attained,After
retrospective,After
tail_end,After
stabilized,After
wrap_up,After
rear,After
final_act,After
remainder,After
sequel,After
direction,After
trace,After
summary,After
complete,After
learning,After
concluded,After
post_event,After
succeeding,After
wrap_up_event,After
assessment,After
outcome,After
post_phase,After
resulting,After
ultimately,After
after,After
ultimately,After
concluding,After
finished_up,After
resolved,After
finale,After
recovery,After
tail,After
retire,After
ultimatum,After
carryover,After
new_start,After
realized,After
wrap_up_event,After
concluding,After
finished_up,After
rear,After
built,After
end_phase,After
exit,After
attained,After
attained,After
exit,After
ending,After
refined,After
post_phase,After
ripples,After
ultimately,After
post,After
renewed,After
remainder,After
consequently,After
resulting,After
future_state,After
progressed,After
eventually,After
posterior,After
ensuing,After
stabilized,After
assessment,After
finally,After
effect,After
ripples,After
achievement,After
learning,After
new_phase,After
outlook,After
established,After
eventually,After
residual,After
gained,After
realized,After
retrospect,After
wrap_up_event,After
consequences,After
hindsight,After
ensue,After
wrap_up_event,After
reformed,After
gained,After
windup,After
subsequently,After
backstory,After
delivered,After
wrap_up,After
afterward,After
succeeding,After
realized,After
post,After
attained,After
recounted,After
completing,After
conclusion,After
built,After
realized,After
follow_on,After
established,After
chronicle,After
evaluation,After
stepping_up,After
culmination,After
realized,After
retrospective,After
post_event_analysis,After
final_act,After
transformed,After
in_the_end,After
realized,After
sunset,After
thereafter,After
exit,After
next,After
achieved,After
improved,After
recovery,After
as_a_result,After
tail,After
ensuing,After
following,After
wrap_up_event,After
future_state,After
epilogue,After
close,After
retrospect,After
chronicle,After
finish,After
outcome,After
trace,After
concluded,After
impact,After
report,After
wrap_up,After
closure,After
evaluation,After
spillover,After
reformed,After
after,After
finished_up,After
eventually,After
closure,After
resolved,After
lookback,After
resolution,After
learning,After
future,After
retrospective,After
sequel,After
hindsight,After
fate,After
report,After
close,After
reflection,After
record,After
new_phase,After
reflection,After
conclusion_phase,After
concluding,After
learning,After
achievement,After
post_reflection,After
achievement,After
spillover,After
consequently,After
renewed,After
close,After
output,After
final_act,After
tail_end,After
rear,After
future,After
improved,After
outcome,After
gained,After
post,After
improved,After
post_event,After
remainder,After
as_a_result,After
completing,After
improved,After
denouement,After
tail,After
retrospective,After
post_reflection,After
decision,After
record,After
culmination,After
consequently,After
finale,After
direction,After
residual,After
renewed,After
reflection,After
proceeding,After
renewed,After
postscript,After
progressed,After
post_event_analysis,After
report,After
evaluation,After
learning,After
residue,After
achievement,After
sequel,After
fulfillment,After
end_phase,After
improved,After
final_phase,After
spillover,After
residue,After
ultimately,After
chronicle,After
conclusion,After
final_act,After
ripples,After
complete,After
afterward,After
finish,After
post,After
reformed,After
chronicle,After
wrap_up,After
attained,After
archive,After
future_state,After
carryover,After
residual,After
epilog,After
retrospective,After
final_act,After
hindsight,After
log,After
fulfillment,After
subsequently,After
finale,After
post_reflection,After
end_phase,After
retrospective,After
aftermath,After
residue,After
concluded,After
repercussion,After
consequences,After
delivered,After
wrap,After
thereafter,After
remainder,After
future_state,After
finally,After
new_phase,After
gained,After
evaluation,After
as_a_result,After
spillover,After
epilog,After
postscript,After
fulfillment,After
complete,After
new_start,After
outcome,After
post_event_analysis,After
progressed,After
delivered,After
retire,After
repercussion,After
trace,After
retrospective,After
windup,After
follow_through,After
trace,After
next,After
rear,After
concluded,After
sunset,After
achievement,After
archive,After
end_phase,After
post_reflection,After
ending,After
epilog,After
residual,After
afters,After
epilogue,After
afters,After
learning,After
post_event,After
final_phase,After
memory,After
final_act,After
exit,After
reflection,After
completing,After
direction,After
insight,After
transformed,After
future,After
finale,After
next,After
afters,After
legacy,After
post_event_analysis,After
memory,After
spillover,After
later,After
retrospective,After
new_phase,After
denouement,After
postscript,After
retrospective,After
stepping_up,After
coda,After
succeeding,After
retrospect,After
aftermath,After
next,After
conclusion,After
learning,After
reflection,After
finished_up,After
realized,After
gained,After
resolution,After
afters,After
record,After
therefrom,After
ongoing_impact,After
epilogue,After
prognosis,After
culmination,After
residue,After
moving_forward,After
next,After
terminal,After
recovery,After
ensue,After
set_path,After
afterward,After
summary,After
ensuing,After
denouement,After
consequences,After
posterior,After
evaluation,After
new_phase,After
stepping_up,After
resulting,After
gained,After
tail_end,After
follow_through,After
afters,After
moving_on,After
delivered,After
denouement,After
prognosis,After
realized,After
culmination,After
aftermath,After
henceforth,After
closure,After
hindsight,After
ripples,After
stepping_up,After
wrap,After
finished,After
posterior,After
built,After
exit,After
future_state,After
insight,After
finished,After
consequent,After
exit,After
denouement,After
improved,After
culmination,After
posterior,After
ensuing,After
attained,After
tail,After
concluded,After
stabilized,After
trace,After
tail_end,After
close,After
epilog,After
succeeding,After
terminal,After
conclusion,After
postscript,After
in_the_end,After
wrap_up,After
proceeding,After
direction,After
follow_on,After
moving_forward,After
consequences,After
afterward,After
post_phase,After
consequences,After
final_phase,After
aftermath,After
improved,After
improved,After
completing,After
proceeding,After
decision,After
ongoing_impact,After
wrap_up_event,After
outlook,After
remainder,After
achieved,After
resolved,After
retrospect,After
following,After
achievement,After
wrap,After
postscript,After
repercussion,After
impact,After
ripples,After
achieved,After
hindsight,After
reformed,After
outcome,After
spillover,After
finished_up,After
afters,After
follow_through,After
final_phase,After
post_phase,After
follow_through,After
new_phase,After
assessment,After
windup,After
complete,After
repercussion,After
evaluation,After
tail_end,After
direction,After
ripples,After
set_path,After
enclosure,After
log,After
proceeding,After
afterward,After
future_state,After
consequences,After
epilog,After
terminal,After
complete,After
ongoing_impact,After
moving_on,After
summary,After
follow_on,After
follow_on,After
finish,After
summary,After
final_phase,After
new_phase,After
assessment,After
as_a_result,After
carryover,After
wrap,After
moving_forward,After
proceeding,After
next,After
solidified,After
epilogue,After
resolution,After
in_the_end,After
thereafter,After
realized,After
wrap_up_event,After
carryover,After
finished_up,After
improved,After
epilog,After
final_act,After
future_state,After
final_act,After
consequent,After
henceforth,After
trace,After
post_phase,After
follow_on,After
denouement,After
windup,After
ensuing,After
delivered,After
concluded,After
summary,After
assessment,After
transformed,After
moving_on,After
proceeding,After
evaluation,After
later,After
wrap_up_event,After
legacy,After
decision,After
terminal,After
completing,After
established,After
retrospective,After
ensue,After
ultimately,After
retire,After
end_phase,After
backstory,After
refined,After
solidified,After
aftermath,After
conclusion_phase,After
realized,After
chronicle,After
in_the_end,After
